id;uob_username;nick_name;profile_pic;profile_pic_content_type
1;boohoo;crooked howl;../fake-data/blob/hipster.png;image/png
2;part hmph if;next sandbar;../fake-data/blob/hipster.png;image/png
3;anenst boohoo;digitize cautiously loftily;../fake-data/blob/hipster.png;image/png
4;sad meanwhile by;possible pity times;../fake-data/blob/hipster.png;image/png
5;gosh minus;axe till shirk;../fake-data/blob/hipster.png;image/png
6;that scary;instruction given;../fake-data/blob/hipster.png;image/png
7;twin;absentmindedly grade focalise;../fake-data/blob/hipster.png;image/png
8;pro boohoo manner;quarrelsome well;../fake-data/blob/hipster.png;image/png
9;eminent hovercraft international;that unsteady;../fake-data/blob/hipster.png;image/png
10;story anxiously;raw avow;../fake-data/blob/hipster.png;image/png
